{
  "mae": 3.246262334148336,
  "rmse": 3.6832774321234285,
  "mape": 13.901870362208887
}